116,-13,KVA0cWqObs+tVis7KCpcsQpcIgI=,SpRvl/hxnyWeqJS7amSLH8aKz8g=
117,-13,KVA0cWqObs+tVis7KCpcsQpcIgI=,SpRvl/hxnyWeqJS7amSLH8aKz8g=
118,-13,KVA0cWqObs+tVis7KCpcsQpcIgI=,SpRvl/hxnyWeqJS7amSLH8aKz8g=
116,-11,KVA0cWqObs+tVis7KCpcsQpcIgI=,SpRvl/hxnyWeqJS7amSLH8aKz8g=
113,-12,KVA0cWqObs+tVis7KCpcsQpcIgI=,SpRvl/hxnyWeqJS7amSLH8aKz8g=
117,-11,KVA0cWqObs+tVis7KCpcsQpcIgI=,SpRvl/hxnyWeqJS7amSLH8aKz8g=
118,-11,KVA0cWqObs+tVis7KCpcsQpcIgI=,SpRvl/hxnyWeqJS7amSLH8aKz8g=
114,-12,KVA0cWqObs+tVis7KCpcsQpcIgI=,SpRvl/hxnyWeqJS7amSLH8aKz8g=
115,-12,KVA0cWqObs+tVis7KCpcsQpcIgI=,SpRvl/hxnyWeqJS7amSLH8aKz8g=
113,-10,KVA0cWqObs+tVis7KCpcsQpcIgI=,SpRvl/hxnyWeqJS7amSLH8aKz8g=
116,-12,KVA0cWqObs+tVis7KCpcsQpcIgI=,SpRvl/hxnyWeqJS7amSLH8aKz8g=
117,-12,KVA0cWqObs+tVis7KCpcsQpcIgI=,SpRvl/hxnyWeqJS7amSLH8aKz8g=
116,-14,KVA0cWqObs+tVis7KCpcsQpcIgI=,SpRvl/hxnyWeqJS7amSLH8aKz8g=
117,-14,KVA0cWqObs+tVis7KCpcsQpcIgI=,SpRvl/hxnyWeqJS7amSLH8aKz8g=
118,-14,KVA0cWqObs+tVis7KCpcsQpcIgI=,SpRvl/hxnyWeqJS7amSLH8aKz8g=
114,-10,KVA0cWqObs+tVis7KCpcsQpcIgI=,SpRvl/hxnyWeqJS7amSLH8aKz8g=
113,-15,KVA0cWqObs+tVis7KCpcsQpcIgI=,SpRvl/hxnyWeqJS7amSLH8aKz8g=
114,-15,KVA0cWqObs+tVis7KCpcsQpcIgI=,SpRvl/hxnyWeqJS7amSLH8aKz8g=
115,-14,KVA0cWqObs+tVis7KCpcsQpcIgI=,SpRvl/hxnyWeqJS7amSLH8aKz8g=
115,-13,KVA0cWqObs+tVis7KCpcsQpcIgI=,SpRvl/hxnyWeqJS7amSLH8aKz8g=
114,-14,KVA0cWqObs+tVis7KCpcsQpcIgI=,SpRvl/hxnyWeqJS7amSLH8aKz8g=
115,-11,KVA0cWqObs+tVis7KCpcsQpcIgI=,SpRvl/hxnyWeqJS7amSLH8aKz8g=
113,-14,KVA0cWqObs+tVis7KCpcsQpcIgI=,SpRvl/hxnyWeqJS7amSLH8aKz8g=
113,-11,KVA0cWqObs+tVis7KCpcsQpcIgI=,SpRvl/hxnyWeqJS7amSLH8aKz8g=
114,-11,KVA0cWqObs+tVis7KCpcsQpcIgI=,SpRvl/hxnyWeqJS7amSLH8aKz8g=
118,-15,KVA0cWqObs+tVis7KCpcsQpcIgI=,SpRvl/hxnyWeqJS7amSLH8aKz8g=
118,-10,KVA0cWqObs+tVis7KCpcsQpcIgI=,SpRvl/hxnyWeqJS7amSLH8aKz8g=
114,-13,KVA0cWqObs+tVis7KCpcsQpcIgI=,SpRvl/hxnyWeqJS7amSLH8aKz8g=
117,-10,KVA0cWqObs+tVis7KCpcsQpcIgI=,SpRvl/hxnyWeqJS7amSLH8aKz8g=
113,-13,KVA0cWqObs+tVis7KCpcsQpcIgI=,SpRvl/hxnyWeqJS7amSLH8aKz8g=
118,-12,KVA0cWqObs+tVis7KCpcsQpcIgI=,SpRvl/hxnyWeqJS7amSLH8aKz8g=
115,-10,KVA0cWqObs+tVis7KCpcsQpcIgI=,SpRvl/hxnyWeqJS7amSLH8aKz8g=
116,-10,KVA0cWqObs+tVis7KCpcsQpcIgI=,SpRvl/hxnyWeqJS7amSLH8aKz8g=
117,-15,KVA0cWqObs+tVis7KCpcsQpcIgI=,SpRvl/hxnyWeqJS7amSLH8aKz8g=
116,-15,KVA0cWqObs+tVis7KCpcsQpcIgI=,SpRvl/hxnyWeqJS7amSLH8aKz8g=
115,-15,KVA0cWqObs+tVis7KCpcsQpcIgI=,SpRvl/hxnyWeqJS7amSLH8aKz8g=
112,-12,KVA0cWqObs+tVis7KCpcsQpcIgI=,SpRvl/hxnyWeqJS7amSLH8aKz8g=
112,-10,KVA0cWqObs+tVis7KCpcsQpcIgI=,SpRvl/hxnyWeqJS7amSLH8aKz8g=
112,-13,KVA0cWqObs+tVis7KCpcsQpcIgI=,SpRvl/hxnyWeqJS7amSLH8aKz8g=
112,-15,KVA0cWqObs+tVis7KCpcsQpcIgI=,SpRvl/hxnyWeqJS7amSLH8aKz8g=
112,-14,KVA0cWqObs+tVis7KCpcsQpcIgI=,SpRvl/hxnyWeqJS7amSLH8aKz8g=
124,-5,KVA0cWqObs+tVis7KCpcsQpcIgI=,lQzdn94ngJzDJvTtBDMxmLyM1nI=
112,-11,KVA0cWqObs+tVis7KCpcsQpcIgI=,SpRvl/hxnyWeqJS7amSLH8aKz8g=
126,-5,KVA0cWqObs+tVis7KCpcsQpcIgI=,lQzdn94ngJzDJvTtBDMxmLyM1nI=
125,-5,KVA0cWqObs+tVis7KCpcsQpcIgI=,lQzdn94ngJzDJvTtBDMxmLyM1nI=
126,-6,KVA0cWqObs+tVis7KCpcsQpcIgI=,lQzdn94ngJzDJvTtBDMxmLyM1nI=
127,-5,KVA0cWqObs+tVis7KCpcsQpcIgI=,lQzdn94ngJzDJvTtBDMxmLyM1nI=
121,-6,KVA0cWqObs+tVis7KCpcsQpcIgI=,lQzdn94ngJzDJvTtBDMxmLyM1nI=
127,-6,KVA0cWqObs+tVis7KCpcsQpcIgI=,lQzdn94ngJzDJvTtBDMxmLyM1nI=
122,-4,KVA0cWqObs+tVis7KCpcsQpcIgI=,lQzdn94ngJzDJvTtBDMxmLyM1nI=
123,-4,KVA0cWqObs+tVis7KCpcsQpcIgI=,lQzdn94ngJzDJvTtBDMxmLyM1nI=
121,-4,KVA0cWqObs+tVis7KCpcsQpcIgI=,lQzdn94ngJzDJvTtBDMxmLyM1nI=
124,-4,KVA0cWqObs+tVis7KCpcsQpcIgI=,lQzdn94ngJzDJvTtBDMxmLyM1nI=
125,-4,KVA0cWqObs+tVis7KCpcsQpcIgI=,lQzdn94ngJzDJvTtBDMxmLyM1nI=
127,-4,KVA0cWqObs+tVis7KCpcsQpcIgI=,lQzdn94ngJzDJvTtBDMxmLyM1nI=
122,-7,KVA0cWqObs+tVis7KCpcsQpcIgI=,lQzdn94ngJzDJvTtBDMxmLyM1nI=
126,-4,KVA0cWqObs+tVis7KCpcsQpcIgI=,lQzdn94ngJzDJvTtBDMxmLyM1nI=
121,-5,KVA0cWqObs+tVis7KCpcsQpcIgI=,lQzdn94ngJzDJvTtBDMxmLyM1nI=
122,-3,KVA0cWqObs+tVis7KCpcsQpcIgI=,lQzdn94ngJzDJvTtBDMxmLyM1nI=
121,-3,KVA0cWqObs+tVis7KCpcsQpcIgI=,lQzdn94ngJzDJvTtBDMxmLyM1nI=
123,-3,KVA0cWqObs+tVis7KCpcsQpcIgI=,lQzdn94ngJzDJvTtBDMxmLyM1nI=
124,-3,KVA0cWqObs+tVis7KCpcsQpcIgI=,lQzdn94ngJzDJvTtBDMxmLyM1nI=
125,-3,KVA0cWqObs+tVis7KCpcsQpcIgI=,lQzdn94ngJzDJvTtBDMxmLyM1nI=
126,-3,KVA0cWqObs+tVis7KCpcsQpcIgI=,lQzdn94ngJzDJvTtBDMxmLyM1nI=
123,-7,KVA0cWqObs+tVis7KCpcsQpcIgI=,lQzdn94ngJzDJvTtBDMxmLyM1nI=
127,-3,KVA0cWqObs+tVis7KCpcsQpcIgI=,lQzdn94ngJzDJvTtBDMxmLyM1nI=
122,-6,KVA0cWqObs+tVis7KCpcsQpcIgI=,lQzdn94ngJzDJvTtBDMxmLyM1nI=
124,-7,KVA0cWqObs+tVis7KCpcsQpcIgI=,lQzdn94ngJzDJvTtBDMxmLyM1nI=
121,-2,KVA0cWqObs+tVis7KCpcsQpcIgI=,lQzdn94ngJzDJvTtBDMxmLyM1nI=
122,-2,KVA0cWqObs+tVis7KCpcsQpcIgI=,lQzdn94ngJzDJvTtBDMxmLyM1nI=
123,-6,KVA0cWqObs+tVis7KCpcsQpcIgI=,lQzdn94ngJzDJvTtBDMxmLyM1nI=
122,-5,KVA0cWqObs+tVis7KCpcsQpcIgI=,lQzdn94ngJzDJvTtBDMxmLyM1nI=
123,-2,KVA0cWqObs+tVis7KCpcsQpcIgI=,lQzdn94ngJzDJvTtBDMxmLyM1nI=
124,-2,KVA0cWqObs+tVis7KCpcsQpcIgI=,lQzdn94ngJzDJvTtBDMxmLyM1nI=
121,-7,KVA0cWqObs+tVis7KCpcsQpcIgI=,lQzdn94ngJzDJvTtBDMxmLyM1nI=
125,-7,KVA0cWqObs+tVis7KCpcsQpcIgI=,lQzdn94ngJzDJvTtBDMxmLyM1nI=
125,-2,KVA0cWqObs+tVis7KCpcsQpcIgI=,lQzdn94ngJzDJvTtBDMxmLyM1nI=
126,-2,KVA0cWqObs+tVis7KCpcsQpcIgI=,lQzdn94ngJzDJvTtBDMxmLyM1nI=
126,-7,KVA0cWqObs+tVis7KCpcsQpcIgI=,lQzdn94ngJzDJvTtBDMxmLyM1nI=
127,-2,KVA0cWqObs+tVis7KCpcsQpcIgI=,lQzdn94ngJzDJvTtBDMxmLyM1nI=
127,-7,KVA0cWqObs+tVis7KCpcsQpcIgI=,lQzdn94ngJzDJvTtBDMxmLyM1nI=
121,-1,KVA0cWqObs+tVis7KCpcsQpcIgI=,lQzdn94ngJzDJvTtBDMxmLyM1nI=
122,-1,KVA0cWqObs+tVis7KCpcsQpcIgI=,lQzdn94ngJzDJvTtBDMxmLyM1nI=
123,-1,KVA0cWqObs+tVis7KCpcsQpcIgI=,lQzdn94ngJzDJvTtBDMxmLyM1nI=
124,-6,KVA0cWqObs+tVis7KCpcsQpcIgI=,lQzdn94ngJzDJvTtBDMxmLyM1nI=
125,-6,KVA0cWqObs+tVis7KCpcsQpcIgI=,lQzdn94ngJzDJvTtBDMxmLyM1nI=
123,-5,KVA0cWqObs+tVis7KCpcsQpcIgI=,lQzdn94ngJzDJvTtBDMxmLyM1nI=
124,-1,KVA0cWqObs+tVis7KCpcsQpcIgI=,lQzdn94ngJzDJvTtBDMxmLyM1nI=
125,-1,KVA0cWqObs+tVis7KCpcsQpcIgI=,lQzdn94ngJzDJvTtBDMxmLyM1nI=
127,-1,KVA0cWqObs+tVis7KCpcsQpcIgI=,lQzdn94ngJzDJvTtBDMxmLyM1nI=
116,-16,KVA0cWqObs+tVis7KCpcsQpcIgI=,SpRvl/hxnyWeqJS7amSLH8aKz8g=
117,-16,KVA0cWqObs+tVis7KCpcsQpcIgI=,SpRvl/hxnyWeqJS7amSLH8aKz8g=
118,-16,KVA0cWqObs+tVis7KCpcsQpcIgI=,SpRvl/hxnyWeqJS7amSLH8aKz8g=
126,-1,KVA0cWqObs+tVis7KCpcsQpcIgI=,lQzdn94ngJzDJvTtBDMxmLyM1nI=
112,-16,KVA0cWqObs+tVis7KCpcsQpcIgI=,SpRvl/hxnyWeqJS7amSLH8aKz8g=
113,-16,KVA0cWqObs+tVis7KCpcsQpcIgI=,SpRvl/hxnyWeqJS7amSLH8aKz8g=
114,-16,KVA0cWqObs+tVis7KCpcsQpcIgI=,SpRvl/hxnyWeqJS7amSLH8aKz8g=
115,-16,KVA0cWqObs+tVis7KCpcsQpcIgI=,SpRvl/hxnyWeqJS7amSLH8aKz8g=
124,-13,KVA0cWqObs+tVis7KCpcsQpcIgI=,O5uc0qnOpa9hp33v7rBmk5pzigU=
125,-13,KVA0cWqObs+tVis7KCpcsQpcIgI=,O5uc0qnOpa9hp33v7rBmk5pzigU=
126,-13,KVA0cWqObs+tVis7KCpcsQpcIgI=,O5uc0qnOpa9hp33v7rBmk5pzigU=
127,-13,KVA0cWqObs+tVis7KCpcsQpcIgI=,O5uc0qnOpa9hp33v7rBmk5pzigU=
120,-12,KVA0cWqObs+tVis7KCpcsQpcIgI=,O5uc0qnOpa9hp33v7rBmk5pzigU=
121,-12,KVA0cWqObs+tVis7KCpcsQpcIgI=,O5uc0qnOpa9hp33v7rBmk5pzigU=
119,-13,KVA0cWqObs+tVis7KCpcsQpcIgI=,SpRvl/hxnyWeqJS7amSLH8aKz8g=
122,-12,KVA0cWqObs+tVis7KCpcsQpcIgI=,O5uc0qnOpa9hp33v7rBmk5pzigU=
123,-12,KVA0cWqObs+tVis7KCpcsQpcIgI=,O5uc0qnOpa9hp33v7rBmk5pzigU=
124,-12,KVA0cWqObs+tVis7KCpcsQpcIgI=,O5uc0qnOpa9hp33v7rBmk5pzigU=
125,-12,KVA0cWqObs+tVis7KCpcsQpcIgI=,O5uc0qnOpa9hp33v7rBmk5pzigU=
127,-12,KVA0cWqObs+tVis7KCpcsQpcIgI=,O5uc0qnOpa9hp33v7rBmk5pzigU=
126,-14,KVA0cWqObs+tVis7KCpcsQpcIgI=,O5uc0qnOpa9hp33v7rBmk5pzigU=
126,-12,KVA0cWqObs+tVis7KCpcsQpcIgI=,O5uc0qnOpa9hp33v7rBmk5pzigU=
120,-11,KVA0cWqObs+tVis7KCpcsQpcIgI=,O5uc0qnOpa9hp33v7rBmk5pzigU=
121,-11,KVA0cWqObs+tVis7KCpcsQpcIgI=,O5uc0qnOpa9hp33v7rBmk5pzigU=
127,-14,KVA0cWqObs+tVis7KCpcsQpcIgI=,O5uc0qnOpa9hp33v7rBmk5pzigU=
121,-8,KVA0cWqObs+tVis7KCpcsQpcIgI=,lQzdn94ngJzDJvTtBDMxmLyM1nI=
120,-13,KVA0cWqObs+tVis7KCpcsQpcIgI=,O5uc0qnOpa9hp33v7rBmk5pzigU=
122,-11,KVA0cWqObs+tVis7KCpcsQpcIgI=,O5uc0qnOpa9hp33v7rBmk5pzigU=
122,-8,KVA0cWqObs+tVis7KCpcsQpcIgI=,lQzdn94ngJzDJvTtBDMxmLyM1nI=
124,-8,KVA0cWqObs+tVis7KCpcsQpcIgI=,lQzdn94ngJzDJvTtBDMxmLyM1nI=
124,-11,KVA0cWqObs+tVis7KCpcsQpcIgI=,O5uc0qnOpa9hp33v7rBmk5pzigU=
123,-11,KVA0cWqObs+tVis7KCpcsQpcIgI=,O5uc0qnOpa9hp33v7rBmk5pzigU=
125,-11,KVA0cWqObs+tVis7KCpcsQpcIgI=,O5uc0qnOpa9hp33v7rBmk5pzigU=
125,-8,KVA0cWqObs+tVis7KCpcsQpcIgI=,lQzdn94ngJzDJvTtBDMxmLyM1nI=
126,-8,KVA0cWqObs+tVis7KCpcsQpcIgI=,lQzdn94ngJzDJvTtBDMxmLyM1nI=
121,-13,KVA0cWqObs+tVis7KCpcsQpcIgI=,O5uc0qnOpa9hp33v7rBmk5pzigU=
126,-11,KVA0cWqObs+tVis7KCpcsQpcIgI=,O5uc0qnOpa9hp33v7rBmk5pzigU=
119,-11,KVA0cWqObs+tVis7KCpcsQpcIgI=,SpRvl/hxnyWeqJS7amSLH8aKz8g=
127,-8,KVA0cWqObs+tVis7KCpcsQpcIgI=,lQzdn94ngJzDJvTtBDMxmLyM1nI=
127,-11,KVA0cWqObs+tVis7KCpcsQpcIgI=,O5uc0qnOpa9hp33v7rBmk5pzigU=
123,-8,KVA0cWqObs+tVis7KCpcsQpcIgI=,lQzdn94ngJzDJvTtBDMxmLyM1nI=
120,-16,KVA0cWqObs+tVis7KCpcsQpcIgI=,O5uc0qnOpa9hp33v7rBmk5pzigU=
120,-10,KVA0cWqObs+tVis7KCpcsQpcIgI=,O5uc0qnOpa9hp33v7rBmk5pzigU=
121,-16,KVA0cWqObs+tVis7KCpcsQpcIgI=,O5uc0qnOpa9hp33v7rBmk5pzigU=
122,-16,KVA0cWqObs+tVis7KCpcsQpcIgI=,O5uc0qnOpa9hp33v7rBmk5pzigU=
121,-10,KVA0cWqObs+tVis7KCpcsQpcIgI=,O5uc0qnOpa9hp33v7rBmk5pzigU=
123,-16,KVA0cWqObs+tVis7KCpcsQpcIgI=,O5uc0qnOpa9hp33v7rBmk5pzigU=
124,-16,KVA0cWqObs+tVis7KCpcsQpcIgI=,O5uc0qnOpa9hp33v7rBmk5pzigU=
125,-16,KVA0cWqObs+tVis7KCpcsQpcIgI=,O5uc0qnOpa9hp33v7rBmk5pzigU=
126,-16,KVA0cWqObs+tVis7KCpcsQpcIgI=,O5uc0qnOpa9hp33v7rBmk5pzigU=
122,-10,KVA0cWqObs+tVis7KCpcsQpcIgI=,O5uc0qnOpa9hp33v7rBmk5pzigU=
123,-10,KVA0cWqObs+tVis7KCpcsQpcIgI=,O5uc0qnOpa9hp33v7rBmk5pzigU=
127,-16,KVA0cWqObs+tVis7KCpcsQpcIgI=,O5uc0qnOpa9hp33v7rBmk5pzigU=
120,-15,KVA0cWqObs+tVis7KCpcsQpcIgI=,O5uc0qnOpa9hp33v7rBmk5pzigU=
124,-10,KVA0cWqObs+tVis7KCpcsQpcIgI=,O5uc0qnOpa9hp33v7rBmk5pzigU=
121,-15,KVA0cWqObs+tVis7KCpcsQpcIgI=,O5uc0qnOpa9hp33v7rBmk5pzigU=
122,-15,KVA0cWqObs+tVis7KCpcsQpcIgI=,O5uc0qnOpa9hp33v7rBmk5pzigU=
123,-15,KVA0cWqObs+tVis7KCpcsQpcIgI=,O5uc0qnOpa9hp33v7rBmk5pzigU=
119,-16,KVA0cWqObs+tVis7KCpcsQpcIgI=,SpRvl/hxnyWeqJS7amSLH8aKz8g=
125,-10,KVA0cWqObs+tVis7KCpcsQpcIgI=,O5uc0qnOpa9hp33v7rBmk5pzigU=
126,-10,KVA0cWqObs+tVis7KCpcsQpcIgI=,O5uc0qnOpa9hp33v7rBmk5pzigU=
127,-10,KVA0cWqObs+tVis7KCpcsQpcIgI=,O5uc0qnOpa9hp33v7rBmk5pzigU=
122,-13,KVA0cWqObs+tVis7KCpcsQpcIgI=,O5uc0qnOpa9hp33v7rBmk5pzigU=
124,-15,KVA0cWqObs+tVis7KCpcsQpcIgI=,O5uc0qnOpa9hp33v7rBmk5pzigU=
119,-14,KVA0cWqObs+tVis7KCpcsQpcIgI=,SpRvl/hxnyWeqJS7amSLH8aKz8g=
121,-9,KVA0cWqObs+tVis7KCpcsQpcIgI=,O5uc0qnOpa9hp33v7rBmk5pzigU=
122,-9,KVA0cWqObs+tVis7KCpcsQpcIgI=,O5uc0qnOpa9hp33v7rBmk5pzigU=
125,-15,KVA0cWqObs+tVis7KCpcsQpcIgI=,O5uc0qnOpa9hp33v7rBmk5pzigU=
123,-9,KVA0cWqObs+tVis7KCpcsQpcIgI=,O5uc0qnOpa9hp33v7rBmk5pzigU=
126,-15,KVA0cWqObs+tVis7KCpcsQpcIgI=,O5uc0qnOpa9hp33v7rBmk5pzigU=
127,-15,KVA0cWqObs+tVis7KCpcsQpcIgI=,O5uc0qnOpa9hp33v7rBmk5pzigU=
123,-13,KVA0cWqObs+tVis7KCpcsQpcIgI=,O5uc0qnOpa9hp33v7rBmk5pzigU=
120,-14,KVA0cWqObs+tVis7KCpcsQpcIgI=,O5uc0qnOpa9hp33v7rBmk5pzigU=
119,-12,KVA0cWqObs+tVis7KCpcsQpcIgI=,SpRvl/hxnyWeqJS7amSLH8aKz8g=
121,-14,KVA0cWqObs+tVis7KCpcsQpcIgI=,O5uc0qnOpa9hp33v7rBmk5pzigU=
123,-14,KVA0cWqObs+tVis7KCpcsQpcIgI=,O5uc0qnOpa9hp33v7rBmk5pzigU=
119,-10,KVA0cWqObs+tVis7KCpcsQpcIgI=,SpRvl/hxnyWeqJS7amSLH8aKz8g=
122,-14,KVA0cWqObs+tVis7KCpcsQpcIgI=,O5uc0qnOpa9hp33v7rBmk5pzigU=
124,-9,KVA0cWqObs+tVis7KCpcsQpcIgI=,O5uc0qnOpa9hp33v7rBmk5pzigU=
125,-9,KVA0cWqObs+tVis7KCpcsQpcIgI=,O5uc0qnOpa9hp33v7rBmk5pzigU=
126,-9,KVA0cWqObs+tVis7KCpcsQpcIgI=,O5uc0qnOpa9hp33v7rBmk5pzigU=
119,-15,KVA0cWqObs+tVis7KCpcsQpcIgI=,SpRvl/hxnyWeqJS7amSLH8aKz8g=
127,-9,KVA0cWqObs+tVis7KCpcsQpcIgI=,O5uc0qnOpa9hp33v7rBmk5pzigU=
124,-14,KVA0cWqObs+tVis7KCpcsQpcIgI=,O5uc0qnOpa9hp33v7rBmk5pzigU=
125,-14,KVA0cWqObs+tVis7KCpcsQpcIgI=,O5uc0qnOpa9hp33v7rBmk5pzigU=
115,-9,KVA0cWqObs+tVis7KCpcsQpcIgI=,SpRvl/hxnyWeqJS7amSLH8aKz8g=
114,-9,KVA0cWqObs+tVis7KCpcsQpcIgI=,SpRvl/hxnyWeqJS7amSLH8aKz8g=
113,-9,KVA0cWqObs+tVis7KCpcsQpcIgI=,SpRvl/hxnyWeqJS7amSLH8aKz8g=
115,-8,KVA0cWqObs+tVis7KCpcsQpcIgI=,LSL7qLTK17Yr+liiufJ7WLftkCI=
115,-5,KVA0cWqObs+tVis7KCpcsQpcIgI=,LSL7qLTK17Yr+liiufJ7WLftkCI=
114,-6,KVA0cWqObs+tVis7KCpcsQpcIgI=,LSL7qLTK17Yr+liiufJ7WLftkCI=
114,-8,KVA0cWqObs+tVis7KCpcsQpcIgI=,LSL7qLTK17Yr+liiufJ7WLftkCI=
119,-1,KVA0cWqObs+tVis7KCpcsQpcIgI=,LSL7qLTK17Yr+liiufJ7WLftkCI=
114,-5,KVA0cWqObs+tVis7KCpcsQpcIgI=,LSL7qLTK17Yr+liiufJ7WLftkCI=
112,-9,KVA0cWqObs+tVis7KCpcsQpcIgI=,SpRvl/hxnyWeqJS7amSLH8aKz8g=
115,-7,KVA0cWqObs+tVis7KCpcsQpcIgI=,LSL7qLTK17Yr+liiufJ7WLftkCI=
118,-1,KVA0cWqObs+tVis7KCpcsQpcIgI=,LSL7qLTK17Yr+liiufJ7WLftkCI=
114,-7,KVA0cWqObs+tVis7KCpcsQpcIgI=,LSL7qLTK17Yr+liiufJ7WLftkCI=
117,-1,KVA0cWqObs+tVis7KCpcsQpcIgI=,LSL7qLTK17Yr+liiufJ7WLftkCI=
112,-6,KVA0cWqObs+tVis7KCpcsQpcIgI=,LSL7qLTK17Yr+liiufJ7WLftkCI=
113,-5,KVA0cWqObs+tVis7KCpcsQpcIgI=,LSL7qLTK17Yr+liiufJ7WLftkCI=
113,-8,KVA0cWqObs+tVis7KCpcsQpcIgI=,LSL7qLTK17Yr+liiufJ7WLftkCI=
113,-7,KVA0cWqObs+tVis7KCpcsQpcIgI=,LSL7qLTK17Yr+liiufJ7WLftkCI=
116,-1,KVA0cWqObs+tVis7KCpcsQpcIgI=,LSL7qLTK17Yr+liiufJ7WLftkCI=
113,-6,KVA0cWqObs+tVis7KCpcsQpcIgI=,LSL7qLTK17Yr+liiufJ7WLftkCI=
120,-9,KVA0cWqObs+tVis7KCpcsQpcIgI=,O5uc0qnOpa9hp33v7rBmk5pzigU=
120,-1,KVA0cWqObs+tVis7KCpcsQpcIgI=,lQzdn94ngJzDJvTtBDMxmLyM1nI=
112,-5,KVA0cWqObs+tVis7KCpcsQpcIgI=,LSL7qLTK17Yr+liiufJ7WLftkCI=
115,-1,KVA0cWqObs+tVis7KCpcsQpcIgI=,LSL7qLTK17Yr+liiufJ7WLftkCI=
112,-7,KVA0cWqObs+tVis7KCpcsQpcIgI=,LSL7qLTK17Yr+liiufJ7WLftkCI=
114,-1,KVA0cWqObs+tVis7KCpcsQpcIgI=,LSL7qLTK17Yr+liiufJ7WLftkCI=
112,-8,KVA0cWqObs+tVis7KCpcsQpcIgI=,LSL7qLTK17Yr+liiufJ7WLftkCI=
119,-7,KVA0cWqObs+tVis7KCpcsQpcIgI=,LSL7qLTK17Yr+liiufJ7WLftkCI=
119,-8,KVA0cWqObs+tVis7KCpcsQpcIgI=,LSL7qLTK17Yr+liiufJ7WLftkCI=
113,-1,KVA0cWqObs+tVis7KCpcsQpcIgI=,LSL7qLTK17Yr+liiufJ7WLftkCI=
119,-5,KVA0cWqObs+tVis7KCpcsQpcIgI=,LSL7qLTK17Yr+liiufJ7WLftkCI=
118,-8,KVA0cWqObs+tVis7KCpcsQpcIgI=,LSL7qLTK17Yr+liiufJ7WLftkCI=
118,-5,KVA0cWqObs+tVis7KCpcsQpcIgI=,LSL7qLTK17Yr+liiufJ7WLftkCI=
112,-1,KVA0cWqObs+tVis7KCpcsQpcIgI=,LSL7qLTK17Yr+liiufJ7WLftkCI=
117,-8,KVA0cWqObs+tVis7KCpcsQpcIgI=,LSL7qLTK17Yr+liiufJ7WLftkCI=
120,-7,KVA0cWqObs+tVis7KCpcsQpcIgI=,lQzdn94ngJzDJvTtBDMxmLyM1nI=
118,-7,KVA0cWqObs+tVis7KCpcsQpcIgI=,LSL7qLTK17Yr+liiufJ7WLftkCI=
119,-2,KVA0cWqObs+tVis7KCpcsQpcIgI=,LSL7qLTK17Yr+liiufJ7WLftkCI=
119,-6,KVA0cWqObs+tVis7KCpcsQpcIgI=,LSL7qLTK17Yr+liiufJ7WLftkCI=
119,-9,KVA0cWqObs+tVis7KCpcsQpcIgI=,SpRvl/hxnyWeqJS7amSLH8aKz8g=
118,-9,KVA0cWqObs+tVis7KCpcsQpcIgI=,SpRvl/hxnyWeqJS7amSLH8aKz8g=
118,-2,KVA0cWqObs+tVis7KCpcsQpcIgI=,LSL7qLTK17Yr+liiufJ7WLftkCI=
117,-5,KVA0cWqObs+tVis7KCpcsQpcIgI=,LSL7qLTK17Yr+liiufJ7WLftkCI=
117,-7,KVA0cWqObs+tVis7KCpcsQpcIgI=,LSL7qLTK17Yr+liiufJ7WLftkCI=
118,-6,KVA0cWqObs+tVis7KCpcsQpcIgI=,LSL7qLTK17Yr+liiufJ7WLftkCI=
120,-2,KVA0cWqObs+tVis7KCpcsQpcIgI=,lQzdn94ngJzDJvTtBDMxmLyM1nI=
117,-2,KVA0cWqObs+tVis7KCpcsQpcIgI=,LSL7qLTK17Yr+liiufJ7WLftkCI=
116,-5,KVA0cWqObs+tVis7KCpcsQpcIgI=,LSL7qLTK17Yr+liiufJ7WLftkCI=
120,-8,KVA0cWqObs+tVis7KCpcsQpcIgI=,lQzdn94ngJzDJvTtBDMxmLyM1nI=
116,-2,KVA0cWqObs+tVis7KCpcsQpcIgI=,LSL7qLTK17Yr+liiufJ7WLftkCI=
116,-8,KVA0cWqObs+tVis7KCpcsQpcIgI=,LSL7qLTK17Yr+liiufJ7WLftkCI=
117,-6,KVA0cWqObs+tVis7KCpcsQpcIgI=,LSL7qLTK17Yr+liiufJ7WLftkCI=
120,-5,KVA0cWqObs+tVis7KCpcsQpcIgI=,lQzdn94ngJzDJvTtBDMxmLyM1nI=
115,-2,KVA0cWqObs+tVis7KCpcsQpcIgI=,LSL7qLTK17Yr+liiufJ7WLftkCI=
116,-6,KVA0cWqObs+tVis7KCpcsQpcIgI=,LSL7qLTK17Yr+liiufJ7WLftkCI=
120,-4,KVA0cWqObs+tVis7KCpcsQpcIgI=,lQzdn94ngJzDJvTtBDMxmLyM1nI=
114,-2,KVA0cWqObs+tVis7KCpcsQpcIgI=,LSL7qLTK17Yr+liiufJ7WLftkCI=
116,-7,KVA0cWqObs+tVis7KCpcsQpcIgI=,LSL7qLTK17Yr+liiufJ7WLftkCI=
120,-6,KVA0cWqObs+tVis7KCpcsQpcIgI=,lQzdn94ngJzDJvTtBDMxmLyM1nI=
113,-2,KVA0cWqObs+tVis7KCpcsQpcIgI=,LSL7qLTK17Yr+liiufJ7WLftkCI=
116,-9,KVA0cWqObs+tVis7KCpcsQpcIgI=,SpRvl/hxnyWeqJS7amSLH8aKz8g=
112,-2,KVA0cWqObs+tVis7KCpcsQpcIgI=,LSL7qLTK17Yr+liiufJ7WLftkCI=
119,-3,KVA0cWqObs+tVis7KCpcsQpcIgI=,LSL7qLTK17Yr+liiufJ7WLftkCI=
117,-9,KVA0cWqObs+tVis7KCpcsQpcIgI=,SpRvl/hxnyWeqJS7amSLH8aKz8g=
113,-4,KVA0cWqObs+tVis7KCpcsQpcIgI=,LSL7qLTK17Yr+liiufJ7WLftkCI=
112,-4,KVA0cWqObs+tVis7KCpcsQpcIgI=,LSL7qLTK17Yr+liiufJ7WLftkCI=
118,-3,KVA0cWqObs+tVis7KCpcsQpcIgI=,LSL7qLTK17Yr+liiufJ7WLftkCI=
114,-4,KVA0cWqObs+tVis7KCpcsQpcIgI=,LSL7qLTK17Yr+liiufJ7WLftkCI=
115,-4,KVA0cWqObs+tVis7KCpcsQpcIgI=,LSL7qLTK17Yr+liiufJ7WLftkCI=
117,-4,KVA0cWqObs+tVis7KCpcsQpcIgI=,LSL7qLTK17Yr+liiufJ7WLftkCI=
118,-4,KVA0cWqObs+tVis7KCpcsQpcIgI=,LSL7qLTK17Yr+liiufJ7WLftkCI=
119,-4,KVA0cWqObs+tVis7KCpcsQpcIgI=,LSL7qLTK17Yr+liiufJ7WLftkCI=
112,-3,KVA0cWqObs+tVis7KCpcsQpcIgI=,LSL7qLTK17Yr+liiufJ7WLftkCI=
113,-3,KVA0cWqObs+tVis7KCpcsQpcIgI=,LSL7qLTK17Yr+liiufJ7WLftkCI=
114,-3,KVA0cWqObs+tVis7KCpcsQpcIgI=,LSL7qLTK17Yr+liiufJ7WLftkCI=
115,-3,KVA0cWqObs+tVis7KCpcsQpcIgI=,LSL7qLTK17Yr+liiufJ7WLftkCI=
115,-6,KVA0cWqObs+tVis7KCpcsQpcIgI=,LSL7qLTK17Yr+liiufJ7WLftkCI=
117,-3,KVA0cWqObs+tVis7KCpcsQpcIgI=,LSL7qLTK17Yr+liiufJ7WLftkCI=
116,-3,KVA0cWqObs+tVis7KCpcsQpcIgI=,LSL7qLTK17Yr+liiufJ7WLftkCI=
116,-4,KVA0cWqObs+tVis7KCpcsQpcIgI=,LSL7qLTK17Yr+liiufJ7WLftkCI=
120,-3,KVA0cWqObs+tVis7KCpcsQpcIgI=,lQzdn94ngJzDJvTtBDMxmLyM1nI=
115,-24,KVA0cWqObs+tVis7KCpcsQpcIgI=,qVVm46NoxfZVvSCQlhoV9XoNAbk=
116,-22,KVA0cWqObs+tVis7KCpcsQpcIgI=,qVVm46NoxfZVvSCQlhoV9XoNAbk=
117,-18,KVA0cWqObs+tVis7KCpcsQpcIgI=,qVVm46NoxfZVvSCQlhoV9XoNAbk=
117,-22,KVA0cWqObs+tVis7KCpcsQpcIgI=,qVVm46NoxfZVvSCQlhoV9XoNAbk=
116,-18,KVA0cWqObs+tVis7KCpcsQpcIgI=,qVVm46NoxfZVvSCQlhoV9XoNAbk=
115,-18,KVA0cWqObs+tVis7KCpcsQpcIgI=,qVVm46NoxfZVvSCQlhoV9XoNAbk=
118,-22,KVA0cWqObs+tVis7KCpcsQpcIgI=,qVVm46NoxfZVvSCQlhoV9XoNAbk=
119,-19,KVA0cWqObs+tVis7KCpcsQpcIgI=,qVVm46NoxfZVvSCQlhoV9XoNAbk=
115,-22,KVA0cWqObs+tVis7KCpcsQpcIgI=,qVVm46NoxfZVvSCQlhoV9XoNAbk=
114,-23,KVA0cWqObs+tVis7KCpcsQpcIgI=,qVVm46NoxfZVvSCQlhoV9XoNAbk=
119,-22,KVA0cWqObs+tVis7KCpcsQpcIgI=,qVVm46NoxfZVvSCQlhoV9XoNAbk=
112,-21,KVA0cWqObs+tVis7KCpcsQpcIgI=,qVVm46NoxfZVvSCQlhoV9XoNAbk=
115,-23,KVA0cWqObs+tVis7KCpcsQpcIgI=,qVVm46NoxfZVvSCQlhoV9XoNAbk=
114,-22,KVA0cWqObs+tVis7KCpcsQpcIgI=,qVVm46NoxfZVvSCQlhoV9XoNAbk=
113,-21,KVA0cWqObs+tVis7KCpcsQpcIgI=,qVVm46NoxfZVvSCQlhoV9XoNAbk=
114,-18,KVA0cWqObs+tVis7KCpcsQpcIgI=,qVVm46NoxfZVvSCQlhoV9XoNAbk=
113,-23,KVA0cWqObs+tVis7KCpcsQpcIgI=,qVVm46NoxfZVvSCQlhoV9XoNAbk=
113,-22,KVA0cWqObs+tVis7KCpcsQpcIgI=,qVVm46NoxfZVvSCQlhoV9XoNAbk=
114,-21,KVA0cWqObs+tVis7KCpcsQpcIgI=,qVVm46NoxfZVvSCQlhoV9XoNAbk=
119,-20,KVA0cWqObs+tVis7KCpcsQpcIgI=,qVVm46NoxfZVvSCQlhoV9XoNAbk=
112,-24,KVA0cWqObs+tVis7KCpcsQpcIgI=,qVVm46NoxfZVvSCQlhoV9XoNAbk=
114,-24,KVA0cWqObs+tVis7KCpcsQpcIgI=,qVVm46NoxfZVvSCQlhoV9XoNAbk=
112,-18,KVA0cWqObs+tVis7KCpcsQpcIgI=,qVVm46NoxfZVvSCQlhoV9XoNAbk=
118,-19,KVA0cWqObs+tVis7KCpcsQpcIgI=,qVVm46NoxfZVvSCQlhoV9XoNAbk=
113,-18,KVA0cWqObs+tVis7KCpcsQpcIgI=,qVVm46NoxfZVvSCQlhoV9XoNAbk=
112,-22,KVA0cWqObs+tVis7KCpcsQpcIgI=,qVVm46NoxfZVvSCQlhoV9XoNAbk=
115,-17,KVA0cWqObs+tVis7KCpcsQpcIgI=,qVVm46NoxfZVvSCQlhoV9XoNAbk=
119,-23,KVA0cWqObs+tVis7KCpcsQpcIgI=,qVVm46NoxfZVvSCQlhoV9XoNAbk=
116,-17,KVA0cWqObs+tVis7KCpcsQpcIgI=,qVVm46NoxfZVvSCQlhoV9XoNAbk=
112,-23,KVA0cWqObs+tVis7KCpcsQpcIgI=,qVVm46NoxfZVvSCQlhoV9XoNAbk=
115,-21,KVA0cWqObs+tVis7KCpcsQpcIgI=,qVVm46NoxfZVvSCQlhoV9XoNAbk=
117,-19,KVA0cWqObs+tVis7KCpcsQpcIgI=,qVVm46NoxfZVvSCQlhoV9XoNAbk=
118,-20,KVA0cWqObs+tVis7KCpcsQpcIgI=,qVVm46NoxfZVvSCQlhoV9XoNAbk=
113,-24,KVA0cWqObs+tVis7KCpcsQpcIgI=,qVVm46NoxfZVvSCQlhoV9XoNAbk=
114,-17,KVA0cWqObs+tVis7KCpcsQpcIgI=,qVVm46NoxfZVvSCQlhoV9XoNAbk=
117,-17,KVA0cWqObs+tVis7KCpcsQpcIgI=,qVVm46NoxfZVvSCQlhoV9XoNAbk=
117,-20,KVA0cWqObs+tVis7KCpcsQpcIgI=,qVVm46NoxfZVvSCQlhoV9XoNAbk=
118,-23,KVA0cWqObs+tVis7KCpcsQpcIgI=,qVVm46NoxfZVvSCQlhoV9XoNAbk=
119,-24,KVA0cWqObs+tVis7KCpcsQpcIgI=,qVVm46NoxfZVvSCQlhoV9XoNAbk=
119,-21,KVA0cWqObs+tVis7KCpcsQpcIgI=,qVVm46NoxfZVvSCQlhoV9XoNAbk=
118,-17,KVA0cWqObs+tVis7KCpcsQpcIgI=,qVVm46NoxfZVvSCQlhoV9XoNAbk=
112,-20,KVA0cWqObs+tVis7KCpcsQpcIgI=,qVVm46NoxfZVvSCQlhoV9XoNAbk=
113,-20,KVA0cWqObs+tVis7KCpcsQpcIgI=,qVVm46NoxfZVvSCQlhoV9XoNAbk=
118,-21,KVA0cWqObs+tVis7KCpcsQpcIgI=,qVVm46NoxfZVvSCQlhoV9XoNAbk=
117,-21,KVA0cWqObs+tVis7KCpcsQpcIgI=,qVVm46NoxfZVvSCQlhoV9XoNAbk=
117,-23,KVA0cWqObs+tVis7KCpcsQpcIgI=,qVVm46NoxfZVvSCQlhoV9XoNAbk=
116,-21,KVA0cWqObs+tVis7KCpcsQpcIgI=,qVVm46NoxfZVvSCQlhoV9XoNAbk=
118,-24,KVA0cWqObs+tVis7KCpcsQpcIgI=,qVVm46NoxfZVvSCQlhoV9XoNAbk=
119,-17,KVA0cWqObs+tVis7KCpcsQpcIgI=,qVVm46NoxfZVvSCQlhoV9XoNAbk=
117,-24,KVA0cWqObs+tVis7KCpcsQpcIgI=,qVVm46NoxfZVvSCQlhoV9XoNAbk=
115,-19,KVA0cWqObs+tVis7KCpcsQpcIgI=,qVVm46NoxfZVvSCQlhoV9XoNAbk=
114,-19,KVA0cWqObs+tVis7KCpcsQpcIgI=,qVVm46NoxfZVvSCQlhoV9XoNAbk=
116,-23,KVA0cWqObs+tVis7KCpcsQpcIgI=,qVVm46NoxfZVvSCQlhoV9XoNAbk=
112,-17,KVA0cWqObs+tVis7KCpcsQpcIgI=,qVVm46NoxfZVvSCQlhoV9XoNAbk=
116,-19,KVA0cWqObs+tVis7KCpcsQpcIgI=,qVVm46NoxfZVvSCQlhoV9XoNAbk=
114,-20,KVA0cWqObs+tVis7KCpcsQpcIgI=,qVVm46NoxfZVvSCQlhoV9XoNAbk=
113,-19,KVA0cWqObs+tVis7KCpcsQpcIgI=,qVVm46NoxfZVvSCQlhoV9XoNAbk=
119,-18,KVA0cWqObs+tVis7KCpcsQpcIgI=,qVVm46NoxfZVvSCQlhoV9XoNAbk=
118,-18,KVA0cWqObs+tVis7KCpcsQpcIgI=,qVVm46NoxfZVvSCQlhoV9XoNAbk=
116,-24,KVA0cWqObs+tVis7KCpcsQpcIgI=,qVVm46NoxfZVvSCQlhoV9XoNAbk=
112,-19,KVA0cWqObs+tVis7KCpcsQpcIgI=,qVVm46NoxfZVvSCQlhoV9XoNAbk=
116,-20,KVA0cWqObs+tVis7KCpcsQpcIgI=,qVVm46NoxfZVvSCQlhoV9XoNAbk=
115,-20,KVA0cWqObs+tVis7KCpcsQpcIgI=,qVVm46NoxfZVvSCQlhoV9XoNAbk=
113,-17,KVA0cWqObs+tVis7KCpcsQpcIgI=,qVVm46NoxfZVvSCQlhoV9XoNAbk=
96,-5,KVA0cWqObs+tVis7KCpcsQpcIgI=,OPoYfLOL+baFo/yOLIplG7FJXZw=
97,-5,KVA0cWqObs+tVis7KCpcsQpcIgI=,OPoYfLOL+baFo/yOLIplG7FJXZw=
98,-5,KVA0cWqObs+tVis7KCpcsQpcIgI=,OPoYfLOL+baFo/yOLIplG7FJXZw=
99,-5,KVA0cWqObs+tVis7KCpcsQpcIgI=,OPoYfLOL+baFo/yOLIplG7FJXZw=
100,-5,KVA0cWqObs+tVis7KCpcsQpcIgI=,OPoYfLOL+baFo/yOLIplG7FJXZw=
102,-6,KVA0cWqObs+tVis7KCpcsQpcIgI=,OPoYfLOL+baFo/yOLIplG7FJXZw=
101,-6,KVA0cWqObs+tVis7KCpcsQpcIgI=,OPoYfLOL+baFo/yOLIplG7FJXZw=
100,-6,KVA0cWqObs+tVis7KCpcsQpcIgI=,OPoYfLOL+baFo/yOLIplG7FJXZw=
98,-6,KVA0cWqObs+tVis7KCpcsQpcIgI=,OPoYfLOL+baFo/yOLIplG7FJXZw=
99,-6,KVA0cWqObs+tVis7KCpcsQpcIgI=,OPoYfLOL+baFo/yOLIplG7FJXZw=
97,-6,KVA0cWqObs+tVis7KCpcsQpcIgI=,OPoYfLOL+baFo/yOLIplG7FJXZw=
96,-6,KVA0cWqObs+tVis7KCpcsQpcIgI=,OPoYfLOL+baFo/yOLIplG7FJXZw=
102,-7,KVA0cWqObs+tVis7KCpcsQpcIgI=,OPoYfLOL+baFo/yOLIplG7FJXZw=
102,-2,KVA0cWqObs+tVis7KCpcsQpcIgI=,OPoYfLOL+baFo/yOLIplG7FJXZw=
101,-2,KVA0cWqObs+tVis7KCpcsQpcIgI=,OPoYfLOL+baFo/yOLIplG7FJXZw=
101,-7,KVA0cWqObs+tVis7KCpcsQpcIgI=,OPoYfLOL+baFo/yOLIplG7FJXZw=
99,-7,KVA0cWqObs+tVis7KCpcsQpcIgI=,OPoYfLOL+baFo/yOLIplG7FJXZw=
97,-7,KVA0cWqObs+tVis7KCpcsQpcIgI=,OPoYfLOL+baFo/yOLIplG7FJXZw=
98,-7,KVA0cWqObs+tVis7KCpcsQpcIgI=,OPoYfLOL+baFo/yOLIplG7FJXZw=
96,-7,KVA0cWqObs+tVis7KCpcsQpcIgI=,OPoYfLOL+baFo/yOLIplG7FJXZw=
100,-7,KVA0cWqObs+tVis7KCpcsQpcIgI=,OPoYfLOL+baFo/yOLIplG7FJXZw=
100,-2,KVA0cWqObs+tVis7KCpcsQpcIgI=,OPoYfLOL+baFo/yOLIplG7FJXZw=
98,-2,KVA0cWqObs+tVis7KCpcsQpcIgI=,OPoYfLOL+baFo/yOLIplG7FJXZw=
102,-8,KVA0cWqObs+tVis7KCpcsQpcIgI=,OPoYfLOL+baFo/yOLIplG7FJXZw=
99,-2,KVA0cWqObs+tVis7KCpcsQpcIgI=,OPoYfLOL+baFo/yOLIplG7FJXZw=
100,-8,KVA0cWqObs+tVis7KCpcsQpcIgI=,OPoYfLOL+baFo/yOLIplG7FJXZw=
101,-8,KVA0cWqObs+tVis7KCpcsQpcIgI=,OPoYfLOL+baFo/yOLIplG7FJXZw=
97,-2,KVA0cWqObs+tVis7KCpcsQpcIgI=,OPoYfLOL+baFo/yOLIplG7FJXZw=
102,-3,KVA0cWqObs+tVis7KCpcsQpcIgI=,OPoYfLOL+baFo/yOLIplG7FJXZw=
101,-3,KVA0cWqObs+tVis7KCpcsQpcIgI=,OPoYfLOL+baFo/yOLIplG7FJXZw=
99,-8,KVA0cWqObs+tVis7KCpcsQpcIgI=,OPoYfLOL+baFo/yOLIplG7FJXZw=
99,-3,KVA0cWqObs+tVis7KCpcsQpcIgI=,OPoYfLOL+baFo/yOLIplG7FJXZw=
100,-3,KVA0cWqObs+tVis7KCpcsQpcIgI=,OPoYfLOL+baFo/yOLIplG7FJXZw=
98,-3,KVA0cWqObs+tVis7KCpcsQpcIgI=,OPoYfLOL+baFo/yOLIplG7FJXZw=
97,-3,KVA0cWqObs+tVis7KCpcsQpcIgI=,OPoYfLOL+baFo/yOLIplG7FJXZw=
97,-8,KVA0cWqObs+tVis7KCpcsQpcIgI=,OPoYfLOL+baFo/yOLIplG7FJXZw=
98,-8,KVA0cWqObs+tVis7KCpcsQpcIgI=,OPoYfLOL+baFo/yOLIplG7FJXZw=
96,-2,KVA0cWqObs+tVis7KCpcsQpcIgI=,OPoYfLOL+baFo/yOLIplG7FJXZw=
96,-8,KVA0cWqObs+tVis7KCpcsQpcIgI=,OPoYfLOL+baFo/yOLIplG7FJXZw=
96,-3,KVA0cWqObs+tVis7KCpcsQpcIgI=,OPoYfLOL+baFo/yOLIplG7FJXZw=
102,-4,KVA0cWqObs+tVis7KCpcsQpcIgI=,OPoYfLOL+baFo/yOLIplG7FJXZw=
101,-4,KVA0cWqObs+tVis7KCpcsQpcIgI=,OPoYfLOL+baFo/yOLIplG7FJXZw=
100,-4,KVA0cWqObs+tVis7KCpcsQpcIgI=,OPoYfLOL+baFo/yOLIplG7FJXZw=
99,-4,KVA0cWqObs+tVis7KCpcsQpcIgI=,OPoYfLOL+baFo/yOLIplG7FJXZw=
98,-4,KVA0cWqObs+tVis7KCpcsQpcIgI=,OPoYfLOL+baFo/yOLIplG7FJXZw=
97,-4,KVA0cWqObs+tVis7KCpcsQpcIgI=,OPoYfLOL+baFo/yOLIplG7FJXZw=
101,-1,KVA0cWqObs+tVis7KCpcsQpcIgI=,OPoYfLOL+baFo/yOLIplG7FJXZw=
102,-1,KVA0cWqObs+tVis7KCpcsQpcIgI=,OPoYfLOL+baFo/yOLIplG7FJXZw=
100,-1,KVA0cWqObs+tVis7KCpcsQpcIgI=,OPoYfLOL+baFo/yOLIplG7FJXZw=
99,-1,KVA0cWqObs+tVis7KCpcsQpcIgI=,OPoYfLOL+baFo/yOLIplG7FJXZw=
97,-1,KVA0cWqObs+tVis7KCpcsQpcIgI=,OPoYfLOL+baFo/yOLIplG7FJXZw=
102,-5,KVA0cWqObs+tVis7KCpcsQpcIgI=,OPoYfLOL+baFo/yOLIplG7FJXZw=
98,-1,KVA0cWqObs+tVis7KCpcsQpcIgI=,OPoYfLOL+baFo/yOLIplG7FJXZw=
101,-5,KVA0cWqObs+tVis7KCpcsQpcIgI=,OPoYfLOL+baFo/yOLIplG7FJXZw=
96,-4,KVA0cWqObs+tVis7KCpcsQpcIgI=,OPoYfLOL+baFo/yOLIplG7FJXZw=
96,-1,KVA0cWqObs+tVis7KCpcsQpcIgI=,OPoYfLOL+baFo/yOLIplG7FJXZw=
103,-6,KVA0cWqObs+tVis7KCpcsQpcIgI=,OPoYfLOL+baFo/yOLIplG7FJXZw=
103,-2,KVA0cWqObs+tVis7KCpcsQpcIgI=,OPoYfLOL+baFo/yOLIplG7FJXZw=
106,-6,KVA0cWqObs+tVis7KCpcsQpcIgI=,PwlMYBBvzoDVPl9nHxmclD7T8nk=
111,-4,KVA0cWqObs+tVis7KCpcsQpcIgI=,PwlMYBBvzoDVPl9nHxmclD7T8nk=
109,-4,KVA0cWqObs+tVis7KCpcsQpcIgI=,PwlMYBBvzoDVPl9nHxmclD7T8nk=
103,-7,KVA0cWqObs+tVis7KCpcsQpcIgI=,OPoYfLOL+baFo/yOLIplG7FJXZw=
105,-6,KVA0cWqObs+tVis7KCpcsQpcIgI=,PwlMYBBvzoDVPl9nHxmclD7T8nk=
103,-8,KVA0cWqObs+tVis7KCpcsQpcIgI=,OPoYfLOL+baFo/yOLIplG7FJXZw=
106,-8,KVA0cWqObs+tVis7KCpcsQpcIgI=,PwlMYBBvzoDVPl9nHxmclD7T8nk=
106,-4,KVA0cWqObs+tVis7KCpcsQpcIgI=,PwlMYBBvzoDVPl9nHxmclD7T8nk=
107,-4,KVA0cWqObs+tVis7KCpcsQpcIgI=,PwlMYBBvzoDVPl9nHxmclD7T8nk=
108,-7,KVA0cWqObs+tVis7KCpcsQpcIgI=,PwlMYBBvzoDVPl9nHxmclD7T8nk=
110,-5,KVA0cWqObs+tVis7KCpcsQpcIgI=,PwlMYBBvzoDVPl9nHxmclD7T8nk=
109,-5,KVA0cWqObs+tVis7KCpcsQpcIgI=,PwlMYBBvzoDVPl9nHxmclD7T8nk=
111,-5,KVA0cWqObs+tVis7KCpcsQpcIgI=,PwlMYBBvzoDVPl9nHxmclD7T8nk=
104,-6,KVA0cWqObs+tVis7KCpcsQpcIgI=,PwlMYBBvzoDVPl9nHxmclD7T8nk=
111,-7,KVA0cWqObs+tVis7KCpcsQpcIgI=,PwlMYBBvzoDVPl9nHxmclD7T8nk=
111,-1,KVA0cWqObs+tVis7KCpcsQpcIgI=,PwlMYBBvzoDVPl9nHxmclD7T8nk=
108,-5,KVA0cWqObs+tVis7KCpcsQpcIgI=,PwlMYBBvzoDVPl9nHxmclD7T8nk=
110,-1,KVA0cWqObs+tVis7KCpcsQpcIgI=,PwlMYBBvzoDVPl9nHxmclD7T8nk=
109,-1,KVA0cWqObs+tVis7KCpcsQpcIgI=,PwlMYBBvzoDVPl9nHxmclD7T8nk=
108,-1,KVA0cWqObs+tVis7KCpcsQpcIgI=,PwlMYBBvzoDVPl9nHxmclD7T8nk=
110,-7,KVA0cWqObs+tVis7KCpcsQpcIgI=,PwlMYBBvzoDVPl9nHxmclD7T8nk=
107,-1,KVA0cWqObs+tVis7KCpcsQpcIgI=,PwlMYBBvzoDVPl9nHxmclD7T8nk=
105,-1,KVA0cWqObs+tVis7KCpcsQpcIgI=,PwlMYBBvzoDVPl9nHxmclD7T8nk=
106,-1,KVA0cWqObs+tVis7KCpcsQpcIgI=,PwlMYBBvzoDVPl9nHxmclD7T8nk=
104,-1,KVA0cWqObs+tVis7KCpcsQpcIgI=,PwlMYBBvzoDVPl9nHxmclD7T8nk=
111,-2,KVA0cWqObs+tVis7KCpcsQpcIgI=,PwlMYBBvzoDVPl9nHxmclD7T8nk=
110,-2,KVA0cWqObs+tVis7KCpcsQpcIgI=,PwlMYBBvzoDVPl9nHxmclD7T8nk=
109,-2,KVA0cWqObs+tVis7KCpcsQpcIgI=,PwlMYBBvzoDVPl9nHxmclD7T8nk=
108,-2,KVA0cWqObs+tVis7KCpcsQpcIgI=,PwlMYBBvzoDVPl9nHxmclD7T8nk=
107,-2,KVA0cWqObs+tVis7KCpcsQpcIgI=,PwlMYBBvzoDVPl9nHxmclD7T8nk=
105,-4,KVA0cWqObs+tVis7KCpcsQpcIgI=,PwlMYBBvzoDVPl9nHxmclD7T8nk=
107,-7,KVA0cWqObs+tVis7KCpcsQpcIgI=,PwlMYBBvzoDVPl9nHxmclD7T8nk=
106,-2,KVA0cWqObs+tVis7KCpcsQpcIgI=,PwlMYBBvzoDVPl9nHxmclD7T8nk=
104,-2,KVA0cWqObs+tVis7KCpcsQpcIgI=,PwlMYBBvzoDVPl9nHxmclD7T8nk=
105,-2,KVA0cWqObs+tVis7KCpcsQpcIgI=,PwlMYBBvzoDVPl9nHxmclD7T8nk=
103,-3,KVA0cWqObs+tVis7KCpcsQpcIgI=,OPoYfLOL+baFo/yOLIplG7FJXZw=
111,-3,KVA0cWqObs+tVis7KCpcsQpcIgI=,PwlMYBBvzoDVPl9nHxmclD7T8nk=
110,-4,KVA0cWqObs+tVis7KCpcsQpcIgI=,PwlMYBBvzoDVPl9nHxmclD7T8nk=
105,-8,KVA0cWqObs+tVis7KCpcsQpcIgI=,PwlMYBBvzoDVPl9nHxmclD7T8nk=
109,-7,KVA0cWqObs+tVis7KCpcsQpcIgI=,PwlMYBBvzoDVPl9nHxmclD7T8nk=
103,-4,KVA0cWqObs+tVis7KCpcsQpcIgI=,OPoYfLOL+baFo/yOLIplG7FJXZw=
104,-4,KVA0cWqObs+tVis7KCpcsQpcIgI=,PwlMYBBvzoDVPl9nHxmclD7T8nk=
111,-6,KVA0cWqObs+tVis7KCpcsQpcIgI=,PwlMYBBvzoDVPl9nHxmclD7T8nk=
107,-3,KVA0cWqObs+tVis7KCpcsQpcIgI=,PwlMYBBvzoDVPl9nHxmclD7T8nk=
110,-6,KVA0cWqObs+tVis7KCpcsQpcIgI=,PwlMYBBvzoDVPl9nHxmclD7T8nk=
109,-6,KVA0cWqObs+tVis7KCpcsQpcIgI=,PwlMYBBvzoDVPl9nHxmclD7T8nk=
106,-3,KVA0cWqObs+tVis7KCpcsQpcIgI=,PwlMYBBvzoDVPl9nHxmclD7T8nk=
108,-6,KVA0cWqObs+tVis7KCpcsQpcIgI=,PwlMYBBvzoDVPl9nHxmclD7T8nk=
107,-6,KVA0cWqObs+tVis7KCpcsQpcIgI=,PwlMYBBvzoDVPl9nHxmclD7T8nk=
105,-3,KVA0cWqObs+tVis7KCpcsQpcIgI=,PwlMYBBvzoDVPl9nHxmclD7T8nk=
106,-7,KVA0cWqObs+tVis7KCpcsQpcIgI=,PwlMYBBvzoDVPl9nHxmclD7T8nk=
104,-8,KVA0cWqObs+tVis7KCpcsQpcIgI=,PwlMYBBvzoDVPl9nHxmclD7T8nk=
110,-8,KVA0cWqObs+tVis7KCpcsQpcIgI=,PwlMYBBvzoDVPl9nHxmclD7T8nk=
109,-8,KVA0cWqObs+tVis7KCpcsQpcIgI=,PwlMYBBvzoDVPl9nHxmclD7T8nk=
108,-8,KVA0cWqObs+tVis7KCpcsQpcIgI=,PwlMYBBvzoDVPl9nHxmclD7T8nk=
107,-8,KVA0cWqObs+tVis7KCpcsQpcIgI=,PwlMYBBvzoDVPl9nHxmclD7T8nk=
104,-3,KVA0cWqObs+tVis7KCpcsQpcIgI=,PwlMYBBvzoDVPl9nHxmclD7T8nk=
107,-5,KVA0cWqObs+tVis7KCpcsQpcIgI=,PwlMYBBvzoDVPl9nHxmclD7T8nk=
110,-3,KVA0cWqObs+tVis7KCpcsQpcIgI=,PwlMYBBvzoDVPl9nHxmclD7T8nk=
103,-1,KVA0cWqObs+tVis7KCpcsQpcIgI=,OPoYfLOL+baFo/yOLIplG7FJXZw=
111,-8,KVA0cWqObs+tVis7KCpcsQpcIgI=,PwlMYBBvzoDVPl9nHxmclD7T8nk=
106,-5,KVA0cWqObs+tVis7KCpcsQpcIgI=,PwlMYBBvzoDVPl9nHxmclD7T8nk=
105,-5,KVA0cWqObs+tVis7KCpcsQpcIgI=,PwlMYBBvzoDVPl9nHxmclD7T8nk=
104,-7,KVA0cWqObs+tVis7KCpcsQpcIgI=,PwlMYBBvzoDVPl9nHxmclD7T8nk=
105,-7,KVA0cWqObs+tVis7KCpcsQpcIgI=,PwlMYBBvzoDVPl9nHxmclD7T8nk=
103,-5,KVA0cWqObs+tVis7KCpcsQpcIgI=,OPoYfLOL+baFo/yOLIplG7FJXZw=
109,-3,KVA0cWqObs+tVis7KCpcsQpcIgI=,PwlMYBBvzoDVPl9nHxmclD7T8nk=
108,-4,KVA0cWqObs+tVis7KCpcsQpcIgI=,PwlMYBBvzoDVPl9nHxmclD7T8nk=
108,-3,KVA0cWqObs+tVis7KCpcsQpcIgI=,PwlMYBBvzoDVPl9nHxmclD7T8nk=
104,-5,KVA0cWqObs+tVis7KCpcsQpcIgI=,PwlMYBBvzoDVPl9nHxmclD7T8nk=
